,id,command_de,label_de,command_en,label_en
0,MyCloud.OpenArea.Init.Utterance,kannst du letzten über myCloud öffnen,{Template} {Template} {MyCloudArea} {Template} {Template} {Template},please go to my shots on myCloud,{Template} {Template} {Template} {MyCloudArea} {MyCloudArea} {Template} {Template}
1,MyCloud.OpenArea.Init.Utterance,kann ich bitte kurz Bilder Galerie auf myCloud ansehen,{Template} {Template} {Template} {Template} {MyCloudArea} {MyCloudArea} {Template} {Template} {Template},can you please show me my shots on myCloud,{Template} {Template} {Template} {Template} {Template} {MyCloudArea} {MyCloudArea} {Template} {Template}
2,MyCloud.OpenArea.Init.Utterance,Favorit auf myCloud anzeigen,{MyCloudArea} {Template} {Template} {Template},go to photo album on myCloud,{Template} {Template} {MyCloudArea} {MyCloudArea} {Template} {Template}
3,MyCloud.OpenArea.Init.Utterance,zeigst du mir bitte Bilder Alben bei myCloud an,{Template} {Template} {Template} {Template} {MyCloudArea} {MyCloudArea} {Template} {Template} {Template},open myCloud and go to favourites,{Template} {Template} {Template} {Template} {Template} {MyCloudArea}
4,MyCloud.OpenArea.Init.Utterance,Bilder Alben auf myCloud anzeigen,{MyCloudArea} {MyCloudArea} {Template} {Template} {Template},could you please open marked photos with myCloud,{Template} {Template} {Template} {Template} {MyCloudArea} {MyCloudArea} {Template} {Template}
5,MyCloud.OpenArea.Init.Utterance,öffne den Ordner Bilder Galerie auf myCloud,{Template} {Template} {Template} {MyCloudArea} {MyCloudArea} {Template} {Template},I wanna look at my library on myCloud,{Template} {Template} {Template} {Template} {Template} {MyCloudArea} {Template} {Template}
6,MyCloud.OpenArea.Init.Utterance,gehe zu letzte auf myCloud,{Template} {Template} {MyCloudArea} {Template} {Template},please go to folders on myCloud,{Template} {Template} {Template} {MyCloudArea} {Template} {Template}
7,MyCloud.OpenArea.Init.Utterance,öffne mal Bilderalben über myCloud,{Template} {Template} {MyCloudArea} {Template} {Template},I want to see photo stream on myCloud,{Template} {Template} {Template} {Template} {MyCloudArea} {MyCloudArea} {Template} {Template}
8,MyCloud.OpenArea.Init.Utterance,würdest du bitte auf myCloud zu Sammlung gehen,{Template} {Template} {Template} {Template} {Template} {Template} {MyCloudArea} {Template},go to photostream on myCloud,{Template} {Template} {MyCloudArea} {Template} {Template}
9,MyCloud.OpenArea.Init.Utterance,Bilder Galerie auf myCloud zeigen,{MyCloudArea} {MyCloudArea} {Template} {Template} {Template},open newest uploads on myCloud,{Template} {MyCloudArea} {MyCloudArea} {Template} {Template}
10,Router.SwitchOnWiFi.Init.Utterance,bitte Wlan aktivieren,{Template} {Template} {Template},Wi-Fi on,{Template}-{Template} {Template}
11,Router.SwitchOnWiFi.Init.Utterance,Wlan,{Template},connect to theWi-Fi,{Template} {Template} {Template}-{Template}
12,Router.SwitchOnWiFi.Init.Utterance,ich will das Wifi einschalten,{Template} {Template} {Template} {Template} {Template},please activate the internet,{Template} {Template} {Template} {Template}
13,Router.SwitchOnWiFi.Init.Utterance,schalte das Wlan an,{Template} {Template} {Template} {Template},give me Wi-Fi,{Template} {Template} {Template}-{Template}
14,Router.SwitchOnWiFi.Init.Utterance,bitte mach das Wifi an,{Template} {Template} {Template} {Template} {Template},I need Wi-Fi,{Template} {Template} {Template}-{Template}
15,Router.SwitchOnWiFi.Init.Utterance,ich möchte dass du das Wlan einschaltest,{Template} {Template} {Template} {Template} {Template} {Template} {Template},turn the Wi-Fi on please,{Template} {Template} {Template}-{Template} {Template} {Template}
16,Router.SwitchOnWiFi.Init.Utterance,mach das Wifi an,{Template} {Template} {Template} {Template},Wi-Fi on,{Template}-{Template} {Template}
17,Router.SwitchOnWiFi.Init.Utterance,bitte aktiviere das Internet,{Template} {Template} {Template} {Template},I want Wi-Fi,{Template} {Template} {Template}-{Template}
18,Router.SwitchOnWiFi.Init.Utterance,Wlan bitte,{Template} {Template},I want you to turn on Wi-Fi,{Template} {Template} {Template} {Template} {Template} {Template} {Template}-{Template}
19,Router.SwitchOnWiFi.Init.Utterance,ich möchte dass du das Wlan anmachst,{Template} {Template} {Template} {Template} {Template} {Template} {Template},turn the Wi-Fi on please,{Template} {Template} {Template}-{Template} {Template} {Template}
20,Tv.GenericExitToTv.Init.Utterance,zum Live TV zurückschalten,{Template} {Template} {Template} {Template},I would like to go back to the TV,{Template} {Template} {Template} {Template} {Template} {Template} {Template} {Template} {Template}
21,Tv.GenericExitToTv.Init.Utterance,zum Fernsehen zurück,{Template} {Template} {Template},back to TV,{Template} {Template} {Template}
22,Tv.GenericExitToTv.Init.Utterance,wieder zum Fernsehen,{Template} {Template} {Template},go to live TV,{Template} {Template} {Template} {Template}
23,Tv.GenericExitToTv.Init.Utterance,wieder zum Fernsehen,{Template} {Template} {Template},back to TV please,{Template} {Template} {Template} {Template}
24,Tv.GenericExitToTv.Init.Utterance,ich will Fernsehen,{Template} {Template} {Template},go to live TV,{Template} {Template} {Template} {Template}
25,Tv.GenericExitToTv.Init.Utterance,ich will Fernsehen,{Template} {Template} {Template},go back to the last channel,{Template} {Template} {Template} {Template} {Template} {Template}
26,Tv.GenericExitToTv.Init.Utterance,gehe zu Live TV,{Template} {Template} {Template} {Template},live TV again please,{Template} {Template} {Template} {Template}
27,Tv.GenericExitToTv.Init.Utterance,Live TV,{Template} {Template},I wanna watch TV,{Template} {Template} {Template} {Template}
28,Tv.GenericExitToTv.Init.Utterance,das Live Fernsehen bitte,{Template} {Template} {Template} {Template},put live TV back on,{Template} {Template} {Template} {Template} {Template}
29,Tv.GenericExitToTv.Init.Utterance,kannst du wieder zum Fernsehen zurück,{Template} {Template} {Template} {Template} {Template} {Template},show me live TV again,{Template} {Template} {Template} {Template} {Template}
30,Router.SwitchOffWiFi.Init.Utterance,Wlan aus bitte,{Template} {Template} {Template},I would like to switch off the Wi-Fi,{Template} {Template} {Template} {Template} {Template} {Template} {Template} {Template}-{Template}
31,Router.SwitchOffWiFi.Init.Utterance,trenn dich vom Wlan,{Template} {Template} {Template} {Template},could you turn the Wi-Fi off,{Template} {Template} {Template} {Template} {Template}-{Template} {Template}
32,Router.SwitchOffWiFi.Init.Utterance,ich will dass du das Wlan abschaltest,{Template} {Template} {Template} {Template} {Template} {Template} {Template},deactivate the Wi-Fi,{Template} {Template} {Template}-{Template}
33,Router.SwitchOffWiFi.Init.Utterance,stell das Wlan ab,{Template} {Template} {Template} {Template},I don't need the internet anymore,{Template} {Template}'{Template} {Template} {Template} {Template} {Template}
34,Router.SwitchOffWiFi.Init.Utterance,Drahtlosverbindung trennen,{Template} {Template},go offline,{Template} {Template}
35,Router.SwitchOffWiFi.Init.Utterance,bitte Wlan deaktivieren,{Template} {Template} {Template},I do not need the Wi-Fi anymore,{Template} {Template} {Template} {Template} {Template} {Template}-{Template} {Template}
36,Router.SwitchOffWiFi.Init.Utterance,Wifi ausmachen,{Template} {Template},I want you to turn off the Wi-Fi,{Template} {Template} {Template} {Template} {Template} {Template} {Template} {Template}-{Template}
37,Router.SwitchOffWiFi.Init.Utterance,Internet ausschalten,{Template} {Template},please deactivate the Wi-Fi,{Template} {Template} {Template} {Template}-{Template}
38,Router.SwitchOffWiFi.Init.Utterance,ich will das Wifi abschalten,{Template} {Template} {Template} {Template} {Template},stop the Wi-Fi,{Template} {Template} {Template}-{Template}
39,Router.SwitchOffWiFi.Init.Utterance,ich möchte das Wifi ausschalten,{Template} {Template} {Template} {Template} {Template},please deactivate the Wi-Fi,{Template} {Template} {Template} {Template}-{Template}
40,Tv.RadioChannelChange.Init.Utterance,bitte den Radiokanal wechseln,{Template} {Template} {Template} {Template},please put on radio station 77,{Template} {Template} {Template} {Template} {Template} {RadioChannelPosition}
41,Tv.RadioChannelChange.Init.Utterance,stell auf einen anderen Radiosender um,{Template} {Template} {Template} {Template} {Template} {Template},would you please change the radio station,{Template} {Template} {Template} {Template} {Template} {Template} {Template}
42,Tv.RadioChannelChange.Init.Utterance,umschalten auf Radioprogramm 51,{Template} {Template} {Template} {RadioChannelPosition},station change,{Template} {Template}
43,Tv.RadioChannelChange.Init.Utterance,ich finde den Radiokanal langweilig,{Template} {Template} {Template} {Template} {Template},change the radio channel,{Template} {Template} {Template} {Template}
44,Tv.RadioChannelChange.Init.Utterance,auf Radiosender Kanal 86 10 stellen,{Template} {Template} {RadioChannelName} {RadioChannelName} {RadioChannelName} {Template},please put on radio station 22,{Template} {Template} {Template} {Template} {Template} {RadioChannelPosition}
45,Tv.RadioChannelChange.Init.Utterance,schalt bitte auf ein anderes Radioprogramm,{Template} {Template} {Template} {Template} {Template} {Template},change to radio channel 56 please,{Template} {Template} {Template} {Template} {RadioChannelPosition} {Template}
46,Tv.RadioChannelChange.Init.Utterance,ich möchte ein anderes Radioprogramm anhören,{Template} {Template} {Template} {Template} {Template} {Template},station change,{Template} {Template}
47,Tv.RadioChannelChange.Init.Utterance,ich will Radiokanal 54 anhören,{Template} {Template} {Template} {RadioChannelPosition} {Template},station change,{Template} {Template}
48,Tv.RadioChannelChange.Init.Utterance,bitte Radiosender 16 anmachen,{Template} {Template} {RadioChannelPosition} {Template},please switch to Radio Svizzera Classica,{Template} {Template} {Template} {RadioChannelName} {RadioChannelName} {RadioChannelName}
49,Tv.RadioChannelChange.Init.Utterance,ich möchte Radiokanal 3 anhören,{Template} {Template} {Template} {RadioChannelPosition} {Template},would you please change the radio station,{Template} {Template} {Template} {Template} {Template} {Template} {Template}
50,Router.ShowGuestWiFiPassword.Init.Utterance,bitte Gast Wlan Passwort anzeigen,{Template} {Template} {Template} {Template} {Template},please display the guest Wi-Fi password on the TV,{Template} {Template} {Template} {Template} {Template}-{Template} {Template} {Template} {Template} {Template}
51,Router.ShowGuestWiFiPassword.Init.Utterance,das Gäste Wlan Passwort bitte anzeigen,{Template} {Template} {Template} {Template} {Template} {Template},show me the guest Wi-Fi password,{Template} {Template} {Template} {Template} {Template}-{Template} {Template}
52,Router.ShowGuestWiFiPassword.Init.Utterance,bitte Gast Wlan Passwort anzeigen,{Template} {Template} {Template} {Template} {Template},where do I get my guest Wi-Fi password,{Template} {Template} {Template} {Template} {Template} {Template} {Template}-{Template} {Template}
53,Router.ShowGuestWiFiPassword.Init.Utterance,ich will mein Gäste Wlan Passwort sehen,{Template} {Template} {Template} {Template} {Template} {Template} {Template},I want my guest Wi-Fi password,{Template} {Template} {Template} {Template} {Template}-{Template} {Template}
54,Router.ShowGuestWiFiPassword.Init.Utterance,kannst du mir das Gäste Wlan Passwort zeigen,{Template} {Template} {Template} {Template} {Template} {Template} {Template} {Template},show me the guest Wi-Fi password on the TV,{Template} {Template} {Template} {Template} {Template}-{Template} {Template} {Template} {Template} {Template}
55,Router.ShowGuestWiFiPassword.Init.Utterance,ich möchte das Gast Wlan Passwort,{Template} {Template} {Template} {Template} {Template} {Template},I'd like the guest Wi-Fi password,{Template}'{Template} {Template} {Template} {Template} {Template}-{Template} {Template}
56,Router.ShowGuestWiFiPassword.Init.Utterance,das Gäste Wlan Passwort bitte anzeigen,{Template} {Template} {Template} {Template} {Template} {Template},please give me my guest Wi-Fi password,{Template} {Template} {Template} {Template} {Template} {Template}-{Template} {Template}
57,Router.ShowGuestWiFiPassword.Init.Utterance,bitte das Gast Wlan Passwort auf dem Fernseher anzeigen,{Template} {Template} {Template} {Template} {Template} {Template} {Template} {Template} {Template},I need the guest Wi-Fi password please,{Template} {Template} {Template} {Template} {Template}-{Template} {Template} {Template}
58,Router.ShowGuestWiFiPassword.Init.Utterance,kannst du mir das Gäste Wlan Passwort zeigen,{Template} {Template} {Template} {Template} {Template} {Template} {Template} {Template},show me the guest Wi-Fi password on the TV,{Template} {Template} {Template} {Template} {Template}-{Template} {Template} {Template} {Template} {Template}
59,Router.ShowGuestWiFiPassword.Init.Utterance,würdest du mir bitte das Gäste Wlan Passwort auf dem Fernseher anzeigen,{Template} {Template} {Template} {Template} {Template} {Template} {Template} {Template} {Template} {Template} {Template} {Template},would you please show me the guest Wi-Fi password on the TV screen,{Template} {Template} {Template} {Template} {Template} {Template} {Template} {Template}-{Template} {Template} {Template} {Template} {Template} {Template}
60,Tv.InitiateService.Init.Utterance,mach bitte den TV an,{Template} {Template} {Template} {Template} {Template},start the box,{Template} {Template} {Template}
61,Tv.InitiateService.Init.Utterance,mach bitte mal den Fernseher an,{Template} {Template} {Template} {Template} {Template} {Template},box on please,{Template} {Template} {Template}
62,Tv.InitiateService.Init.Utterance,stell den Fernseher an,{Template} {Template} {Template} {Template},start the TV box please,{Template} {Template} {Template} {Template} {Template}
63,Tv.InitiateService.Init.Utterance,lass den Fernseher an,{Template} {Template} {Template} {Template},TV box on,{Template} {Template} {Template}
64,Tv.InitiateService.Init.Utterance,die Kiste anmachen,{Template} {Template} {Template},please turn on the television,{Template} {Template} {Template} {Template} {Template}
65,Tv.InitiateService.Init.Utterance,TV anschalten,{Template} {Template},start the box,{Template} {Template} {Template}
66,Tv.InitiateService.Init.Utterance,mach bitte mal den Fernseher an,{Template} {Template} {Template} {Template} {Template} {Template},can you please turn on the TV box,{Template} {Template} {Template} {Template} {Template} {Template} {Template} {Template}
67,Tv.InitiateService.Init.Utterance,mach bitte den Kasten an,{Template} {Template} {Template} {Template} {Template},power-on the TV box,{Template}-{Template} {Template} {Template} {Template}
68,Tv.InitiateService.Init.Utterance,lass den Fernseher an,{Template} {Template} {Template} {Template},switch on the TV,{Template} {Template} {Template} {Template}
69,Tv.InitiateService.Init.Utterance,bitte schalte die TV Box an,{Template} {Template} {Template} {Template} {Template} {Template},could you please turn the TV box on,{Template} {Template} {Template} {Template} {Template} {Template} {Template} {Template}
70,Tv.OpenApplication.Init.Utterance,kannst du eine App aufmachen,{Template} {Template} {Template} {Template} {Template},Push the,{AppName} {AppName}
71,Tv.OpenApplication.Init.Utterance,kannst du für mich nach my cloud suchen,{Template} {Template} {Template} {Template} {Template} {AppName} {AppName} {Template},show me apps,{Template} {Template} {Template}
72,Tv.OpenApplication.Init.Utterance,tu Motorcycle Cruiser auf,{Template} {AppName} {AppName} {Template},can you show me the apps,{Template} {Template} {Template} {Template} {Template} {Template}
73,Tv.OpenApplication.Init.Utterance,führe Dukascopy TV (en) aus,{Template} {AppName} {AppName} ({AppName}) {Template},got to GVAX TV Air - 100% Latino Live-TV,{Template} {Template} {AppName} {AppName} {AppName} - {AppName}% {AppName} {AppName}-{AppName}
74,Tv.OpenApplication.Init.Utterance,eine App öffnen,{Template} {Template} {Template},can you open an app,{Template} {Template} {Template} {Template} {Template}
75,Tv.OpenApplication.Init.Utterance,kannst du für mich nach RTД suchen,{Template} {Template} {Template} {Template} {Template} {AppName} {Template},I'd like to open KMTV,{Template}'{Template} {Template} {Template} {Template} {AppName}
76,Tv.OpenApplication.Init.Utterance,kannst du bitte Витрина ТВ ausführen,{Template} {Template} {Template} {AppName} {AppName} {Template},I want to open Fling to the Finish,{Template} {Template} {Template} {Template} {AppName} {AppName} {AppName} {AppName}
77,Tv.OpenApplication.Init.Utterance,bitte TNT aufmachen,{Template} {AppName} {Template},can you show me the apps,{Template} {Template} {Template} {Template} {Template} {Template}
78,Tv.OpenApplication.Init.Utterance,mach bitte MUBI auf,{Template} {Template} {AppName} {Template},I want to open Smoots Air Summer Games,{Template} {Template} {Template} {Template} {AppName} {AppName} {AppName} {AppName}
79,Tv.OpenApplication.Init.Utterance,Awale aufrufen,{AppName} {Template},can you show me the apps,{Template} {Template} {Template} {Template} {Template} {Template}
80,SmartHome.SwitchOnDevice.Init.Utterance,schalte bitte das Gerät Nachttisch Lampe ein,{Template} {Template} {Template} {Template} {SmartHomeDeviceName} {SmartHomeDeviceName} {Template},please turn on all netatmos,{Template} {Template} {Template} {Template} {SmartHomeDeviceBrand}
81,SmartHome.SwitchOnDevice.Init.Utterance,alle Netatmos im Speisesaal ein bitte,{Template} {SmartHomeDeviceBrand} {Template} {SmartHomeDeviceLocation} {Template} {Template},turn myStrom on,{Template} {SmartHomeDeviceBrand} {Template}
82,SmartHome.SwitchOnDevice.Init.Utterance,im Stube Ikea einschalten,{Template} {SmartHomeDeviceLocation} {SmartHomeDeviceBrand} {Template},turn on gigaset please,{Template} {Template} {SmartHomeDeviceBrand} {Template}
83,SmartHome.SwitchOnDevice.Init.Utterance,Alles im Balkon ein,{Template} {Template} {SmartHomeDeviceLocation} {Template},switch on all hue,{Template} {Template} {Template} {SmartHomeDeviceBrand}
84,SmartHome.SwitchOnDevice.Init.Utterance,ich möchte dass du Salon einschaltest,{Template} {Template} {Template} {Template} {SmartHomeDeviceName} {Template},philipps hues on please,{SmartHomeDeviceBrand} {SmartHomeDeviceBrand} {Template} {Template}
85,SmartHome.SwitchOnDevice.Init.Utterance,mach Glüh Birne im Fernsehzimmer an,{Template} {SmartHomeDeviceCategory} {SmartHomeDeviceCategory} {Template} {SmartHomeDeviceLocation} {Template},please turn on all gigaset,{Template} {Template} {Template} {Template} {SmartHomeDeviceBrand}
86,SmartHome.SwitchOnDevice.Init.Utterance,aktiviere Gerät Lampe Wohnzimmer,{Template} {Template} {SmartHomeDeviceName} {SmartHomeDeviceName},turn on sonos please,{Template} {Template} {SmartHomeDeviceBrand} {Template}
87,SmartHome.SwitchOnDevice.Init.Utterance,mein Gigaset anmachen bitte,{Template} {SmartHomeDeviceBrand} {Template} {Template},please turn myStrom on,{Template} {Template} {SmartHomeDeviceBrand} {Template}
88,SmartHome.SwitchOnDevice.Init.Utterance,mein Philips Hue im Kinderzimmer aktivieren,{Template} {SmartHomeDeviceBrand} {SmartHomeDeviceBrand} {Template} {SmartHomeDeviceLocation} {Template},I need you to turn device hue color lamp 1 on,{Template} {Template} {Template} {Template} {Template} {Template} {SmartHomeDeviceName} {SmartHomeDeviceName} {SmartHomeDeviceName} {SmartHomeDeviceName} {Template}
89,SmartHome.SwitchOnDevice.Init.Utterance,mach Kamera im Wohnstube an,{Template} {SmartHomeDeviceCategory} {Template} {SmartHomeDeviceLocation} {Template},please turn device wi-fi switch 2 on,{Template} {Template} {Template} {SmartHomeDeviceName}-{SmartHomeDeviceName} {SmartHomeDeviceName} {SmartHomeDeviceName} {Template}
90,Tv.SkipCommercial.Init.Utterance,kannst du die Werbung bitte überspringen,{Template} {Template} {Template} {Template} {Template} {Template},please skip the commercial,{Template} {Template} {Template} {Template}
91,Tv.SkipCommercial.Init.Utterance,Werbung vorspulen,{Template} {Template},skip to the end of the commercial,{Template} {Template} {Template} {Template} {Template} {Template} {Template}
92,Tv.SkipCommercial.Init.Utterance,bis zum Ende der Werbung spulen,{Template} {Template} {Template} {Template} {Template} {Template},can you skip the commercial please,{Template} {Template} {Template} {Template} {Template} {Template}
93,Tv.SkipCommercial.Init.Utterance,Werbung überspringen,{Template} {Template},end the commercial please,{Template} {Template} {Template} {Template}
94,Tv.SkipCommercial.Init.Utterance,vor bis nach der Werbung,{Template} {Template} {Template} {Template} {Template},I don't want to watch the commercial,{Template} {Template}'{Template} {Template} {Template} {Template} {Template} {Template}
95,Tv.SkipCommercial.Init.Utterance,bis zum Ende der Werbung spulen,{Template} {Template} {Template} {Template} {Template} {Template},could you skip the commercial,{Template} {Template} {Template} {Template} {Template}
96,Tv.SkipCommercial.Init.Utterance,mach die Werbung weg,{Template} {Template} {Template} {Template},can you skip the commercial please,{Template} {Template} {Template} {Template} {Template} {Template}
97,Tv.SkipCommercial.Init.Utterance,bitte spul die Werbung vor,{Template} {Template} {Template} {Template} {Template},I want you to skip the commercial,{Template} {Template} {Template} {Template} {Template} {Template} {Template}
98,Tv.SkipCommercial.Init.Utterance,überspringe die Werbung bitte,{Template} {Template} {Template} {Template},jump to the end of the commercial,{Template} {Template} {Template} {Template} {Template} {Template} {Template}
99,Tv.SkipCommercial.Init.Utterance,ich will die Werbung nicht sehen,{Template} {Template} {Template} {Template} {Template} {Template},I don't need the commercial,{Template} {Template}'{Template} {Template} {Template} {Template}
100,Tv.WatchFromBeginning.Init.Utterance,ich will den Anfang nochmal sehen,{Template} {Template} {Template} {Template} {Template} {Template},start movie again,{Template} {Template} {Template}
101,Tv.WatchFromBeginning.Init.Utterance,ich würde das gerne nochmal von vorne anschauen,{Template} {Template} {Template} {Template} {Template} {Template} {Template} {Template},start movie again,{Template} {Template} {Template}
102,Tv.WatchFromBeginning.Init.Utterance,bitte von Anfang an,{Template} {Template} {Template} {Template},can you play this from the beginning,{Template} {Template} {Template} {Template} {Template} {Template} {Template}
103,Tv.WatchFromBeginning.Init.Utterance,nochmal zum Anfang,{Template} {Template} {Template},can you play this from the beginning,{Template} {Template} {Template} {Template} {Template} {Template} {Template}
104,Tv.WatchFromBeginning.Init.Utterance,ich möchte das von Anfang sehen,{Template} {Template} {Template} {Template} {Template} {Template},from the beginning please,{Template} {Template} {Template} {Template}
105,Tv.WatchFromBeginning.Init.Utterance,nochmal zum Anfang,{Template} {Template} {Template},I would like to watch this from the beginning please,{Template} {Template} {Template} {Template} {Template} {Template} {Template} {Template} {Template} {Template}
106,Tv.WatchFromBeginning.Init.Utterance,an den Anfang bitte,{Template} {Template} {Template} {Template},start from the beginning,{Template} {Template} {Template} {Template}
107,Tv.WatchFromBeginning.Init.Utterance,bitte die Serie nochmal von vorne abspielen,{Template} {Template} {Template} {Template} {Template} {Template} {Template},watch from beginning,{Template} {Template} {Template}
108,Tv.WatchFromBeginning.Init.Utterance,ich will den Anfang nochmal sehen,{Template} {Template} {Template} {Template} {Template} {Template},I would like to watch this from the beginning please,{Template} {Template} {Template} {Template} {Template} {Template} {Template} {Template} {Template} {Template}
109,Tv.WatchFromBeginning.Init.Utterance,an den Anfang bitte,{Template} {Template} {Template} {Template},start episode from the beginning,{Template} {Template} {Template} {Template} {Template}
110,Tv.TvChannelChange.Init.Utterance,schalte auf einen anderen Fernsehkanal,{Template} {Template} {Template} {Template} {Template},could you please change the channel to DMAX,{Template} {Template} {Template} {Template} {Template} {Template} {Template} {TvChannelName}
111,Tv.TvChannelChange.Init.Utterance,auf Sender 25 umschalten,{Template} {Template} {TvChannelPosition} {Template},turn on TV channel 80,{Template} {Template} {Template} {Template} {TvChannelPosition}
112,Tv.TvChannelChange.Init.Utterance,auf Warner TV machen,{Template} {TvChannelName} {TvChannelName} {Template},I do not want to see this,{Template} {Template} {Template} {Template} {Template} {Template} {Template}
113,Tv.TvChannelChange.Init.Utterance,auf einen anderen Sender schalten,{Template} {Template} {Template} {Template} {Template},I want to switch to channel 10,{Template} {Template} {Template} {Template} {Template} {Template} {TvChannelPosition}
114,Tv.TvChannelChange.Init.Utterance,schalte um auf Fernsehsender 25,{Template} {Template} {Template} {Template} {TvChannelPosition},go to ARD - alpha,{Template} {Template} {TvChannelName} - {TvChannelName}
115,Tv.TvChannelChange.Init.Utterance,schalt auf RSI La 1 um,{Template} {Template} {TvChannelName} {TvChannelName} {TvChannelName} {Template},I would like to change the channel,{Template} {Template} {Template} {Template} {Template} {Template} {Template}
116,Tv.TvChannelChange.Init.Utterance,stell um auf TV Kanal 3,{Template} {Template} {Template} {Template} {Template} {TvChannelPosition},I do not want to see this,{Template} {Template} {Template} {Template} {Template} {Template} {Template}
117,Tv.TvChannelChange.Init.Utterance,zu More 4 schalten,{Template} {TvChannelName} {TvChannelName} {Template},I think this channel is boring,{Template} {Template} {Template} {Template} {Template} {Template}
118,Tv.TvChannelChange.Init.Utterance,schalt um,{Template} {Template},would you please change the channel,{Template} {Template} {Template} {Template} {Template} {Template}
119,Tv.TvChannelChange.Init.Utterance,schalt um,{Template} {Template},change the channel to channel 56 please,{Template} {Template} {Template} {Template} {Template} {TvChannelPosition} {Template}
120,Tv.TvSearch.Init.Utterance,ich will Voice Assistant finden,{Template} {Template} {DossierName} {DossierName} {Template},I would like to watch Bibi Und Tina 3,{Template} {Template} {Template} {Template} {Template} {VodName} {VodName} {VodName} {VodName}
121,Tv.TvSearch.Init.Utterance,erzähl mir was zu Urraca CF,{Template} {Template} {Template} {Template} {SportParticipantName} {SportParticipantName},I'd like to watch Liga NOS,{Template}'{Template} {Template} {Template} {Template} {SportCompetitionName} {SportCompetitionName}
122,Tv.TvSearch.Init.Utterance,kann ich bitte Legenden der Volksmusik sehen,{Template} {Template} {Template} {BroadcastName} {BroadcastName} {BroadcastName} {Template},I'd like to watch Swiss League,{Template}'{Template} {Template} {Template} {Template} {SportCompetitionName} {SportCompetitionName}
123,Tv.TvSearch.Init.Utterance,hast du Golf,{Template} {Template} {SportSportsName},give me some information about Piers Morgan,{Template} {Template} {Template} {Template} {Template} {ParticipantName} {ParticipantName}
124,Tv.TvSearch.Init.Utterance,was weißt du über Dave England,{Template} {Template} {Template} {Template} {ParticipantName} {ParticipantName},I want to watch The Silent War,{Template} {Template} {Template} {Template} {VodName} {VodName} {VodName}
125,Tv.TvSearch.Init.Utterance,suche den Film On the Road,{Template} {Template} {Template} {VodName} {VodName} {VodName},can you look for Pumba Kids TV,{Template} {Template} {Template} {Template} {AppName} {AppName} {AppName}
126,Tv.TvSearch.Init.Utterance,such bitte 99 Homes für mich,{Template} {Template} {BroadcastName} {BroadcastName} {Template} {Template},give me something about Voice Assistant,{Template} {Template} {Template} {Template} {DossierName} {DossierName}
127,Tv.TvSearch.Init.Utterance,was weißt du über Billy Crystal,{Template} {Template} {Template} {Template} {ParticipantName} {ParticipantName},do you have Motorsport,{Template} {Template} {Template} {SportSportsName}
128,Tv.TvSearch.Init.Utterance,such bitte Road to Perdition für mich,{Template} {Template} {BroadcastName} {BroadcastName} {BroadcastName} {Template} {Template},I want to know more about Robert De Niro,{Template} {Template} {Template} {Template} {Template} {Template} {ParticipantName} {ParticipantName} {ParticipantName}
129,Tv.TvSearch.Init.Utterance,ich will ein Wintersport Spiel anschauen,{Template} {Template} {Template} {SportSportsName} {Template} {Template},I want to watch Football,{Template} {Template} {Template} {Template} {SportSportsName}
130,Tv.VolumeUp.Init.Utterance,mach ein bisschen lauter,{Template} {Template} {Template} {Template},volume up please,{Template} {Template} {Template}
131,Tv.VolumeUp.Init.Utterance,mach das Fernsehen lauter,{Template} {Template} {Template} {Template},turn up the TV's volume,{Template} {Template} {Template} {Template}'{Template} {Template}
132,Tv.VolumeUp.Init.Utterance,Lautstärke rauf,{Template} {Template},volume up a bit please,{Template} {Template} {Template} {Template} {Template}
133,Tv.VolumeUp.Init.Utterance,bitte mehr Lautstärke,{Template} {Template} {Template},turn up the television,{Template} {Template} {Template} {Template}
134,Tv.VolumeUp.Init.Utterance,ich will das lauter haben,{Template} {Template} {Template} {Template} {Template},this is too quiet,{Template} {Template} {Template} {Template}
135,Tv.VolumeUp.Init.Utterance,Lautstärke rauf,{Template} {Template},can you turn that up,{Template} {Template} {Template} {Template} {Template}
136,Tv.VolumeUp.Init.Utterance,noch lauter,{Template} {Template},turn up the volume a little,{Template} {Template} {Template} {Template} {Template} {Template}
137,Tv.VolumeUp.Init.Utterance,köntest du bitte die Lautstärke erhöhen,{Template} {Template} {Template} {Template} {Template} {Template},up the TV volume,{Template} {Template} {Template} {Template}
138,Tv.VolumeUp.Init.Utterance,mach ein bisschen lauter,{Template} {Template} {Template} {Template},not so quiet please,{Template} {Template} {Template} {Template}
139,Tv.VolumeUp.Init.Utterance,mach mal lauter ich versteh nichts,{Template} {Template} {Template} {Template} {Template} {Template},turn up the TV's volume,{Template} {Template} {Template} {Template}'{Template} {Template}
140,Tv.OpenUiArea.Init.Utterance,Menu,{Template},I would like to watch a movie from the romantic films genre,{Template} {Template} {Template} {Template} {Template} {Template} {Template} {Template} {Template} {AreaName} {AreaName} {Template}
141,Tv.OpenUiArea.Init.Utterance,öffne meine Bereiche,{Template} {Template} {Template},please open crime films,{Template} {Template} {AreaName} {AreaName}
142,Tv.OpenUiArea.Init.Utterance,zu Tierfilm bitte,{Template} {AreaName} {Template},which celebrity do you have,{Template} {AreaName} {Template} {Template} {Template}
143,Tv.OpenUiArea.Init.Utterance,öffne meine Bereiche,{Template} {Template} {Template},please open VOD,{Template} {Template} {AreaName}
144,Tv.OpenUiArea.Init.Utterance,zeig mir Applikation,{Template} {Template} {AreaName},I want to go to options,{Template} {Template} {Template} {Template} {Template} {AreaName}
145,Tv.OpenUiArea.Init.Utterance,Kriegsfilme bitte,{AreaName} {Template},I want to watch a soaps and reality,{Template} {Template} {Template} {Template} {Template} {AreaName} {AreaName} {AreaName}
146,Tv.OpenUiArea.Init.Utterance,zeig kurz das Menu,{Template} {Template} {Template} {Template},a radio settings please,{Template} {AreaName} {AreaName} {Template}
147,Tv.OpenUiArea.Init.Utterance,Menu,{Template},which crime and thrillers do you have,{Template} {AreaName} {AreaName} {AreaName} {Template} {Template} {Template}
148,Tv.OpenUiArea.Init.Utterance,ich will Allgemeine Einstellungen sehen,{Template} {Template} {AreaName} {AreaName} {Template},open my different areas,{Template} {Template} {Template} {Template}
149,Tv.OpenUiArea.Init.Utterance,was hast du für Gesellschaftsfilme,{Template} {Template} {Template} {Template} {AreaName},give me horror movie,{Template} {Template} {AreaName} {AreaName}
150,Tv.VolumeMute.Init.Utterance,schalte auf mute,{Template} {Template} {Template},turn off the sound,{Template} {Template} {Template} {Template}
151,Tv.VolumeMute.Init.Utterance,kannst du den Ton bitte ausmachen,{Template} {Template} {Template} {Template} {Template} {Template},silence the sound,{Template} {Template} {Template}
152,Tv.VolumeMute.Init.Utterance,mute an,{Template} {Template},be quiet please,{Template} {Template} {Template}
153,Tv.VolumeMute.Init.Utterance,schalte auf mute,{Template} {Template} {Template},be quiet please,{Template} {Template} {Template}
154,Tv.VolumeMute.Init.Utterance,Stummschalten,{Template},switch off the sound,{Template} {Template} {Template} {Template}
155,Tv.VolumeMute.Init.Utterance,mach den Ton aus,{Template} {Template} {Template} {Template},mute,{Template}
156,Tv.VolumeMute.Init.Utterance,mute an,{Template} {Template},silence the sound,{Template} {Template} {Template}
157,Tv.VolumeMute.Init.Utterance,mute,{Template},switch off the sound,{Template} {Template} {Template} {Template}
158,Tv.VolumeMute.Init.Utterance,bitte schalte den Fernseher still,{Template} {Template} {Template} {Template} {Template},mute the movie please,{Template} {Template} {Template} {Template}
159,Tv.VolumeMute.Init.Utterance,still,{Template},mute the sound,{Template} {Template} {Template}
160,Tv.VolumeUnmute.Init.Utterance,mute ausschalten,{Template} {Template},unsilence the sound,{Template} {Template} {Template}
161,Tv.VolumeUnmute.Init.Utterance,Ton anlassen,{Template} {Template},you can stop being quiet,{Template} {Template} {Template} {Template} {Template}
162,Tv.VolumeUnmute.Init.Utterance,Ton an,{Template} {Template},I'd like the sound to be on again,{Template}'{Template} {Template} {Template} {Template} {Template} {Template} {Template} {Template}
163,Tv.VolumeUnmute.Init.Utterance,Ton ein,{Template} {Template},don't mute anymore,{Template}'{Template} {Template} {Template}
164,Tv.VolumeUnmute.Init.Utterance,den Ton bitte wieder anschalten,{Template} {Template} {Template} {Template} {Template},sound back on,{Template} {Template} {Template}
165,Tv.VolumeUnmute.Init.Utterance,mute weg,{Template} {Template},mute off,{Template} {Template}
166,Tv.VolumeUnmute.Init.Utterance,Ton nicht mehr muten,{Template} {Template} {Template} {Template},I'm done with mute,{Template}'{Template} {Template} {Template} {Template}
167,Tv.VolumeUnmute.Init.Utterance,lass den Ton wieder an,{Template} {Template} {Template} {Template} {Template},can you turn the sound back on,{Template} {Template} {Template} {Template} {Template} {Template} {Template}
168,Tv.VolumeUnmute.Init.Utterance,mute weg,{Template} {Template},end mute,{Template} {Template}
169,Tv.VolumeUnmute.Init.Utterance,stumm aus,{Template} {Template},I'd like the sound to be on again,{Template}'{Template} {Template} {Template} {Template} {Template} {Template} {Template} {Template}
170,Bluewin.NewsSummary.Init.Utterance,das wichtigste von heute bitte,{Template} {Template} {Template} {Template} {Template},what do I have to know today,{Template} {Template} {Template} {Template} {Template} {Template} {Template}
171,Bluewin.NewsSummary.Init.Utterance,kannst du mir die heutigen News geben,{Template} {Template} {Template} {Template} {Template} {Template} {Template},turn on the news,{Template} {Template} {Template} {Template}
172,Bluewin.NewsSummary.Init.Utterance,die wichtigsten Nachrichten,{Template} {Template} {Template},news please,{Template} {Template}
173,Bluewin.NewsSummary.Init.Utterance,die wichtigsten Nachrichten,{Template} {Template} {Template},tell me what is going on in the world,{Template} {Template} {Template} {Template} {Template} {Template} {Template} {Template} {Template}
174,Bluewin.NewsSummary.Init.Utterance,Bluewin News,{Template} {Template},please give me the news,{Template} {Template} {Template} {Template} {Template}
175,Bluewin.NewsSummary.Init.Utterance,News bitte,{Template} {Template},the five news topics please,{Template} {Template} {Template} {Template} {Template}
176,Bluewin.NewsSummary.Init.Utterance,was sind die Nachrichten heute,{Template} {Template} {Template} {Template} {Template},news recap,{Template} {Template}
177,Bluewin.NewsSummary.Init.Utterance,die News von Bluewin bitte,{Template} {Template} {Template} {Template} {Template},what happened today,{Template} {Template} {Template}
178,Bluewin.NewsSummary.Init.Utterance,Bluewin News,{Template} {Template},news summary please,{Template} {Template} {Template}
179,Bluewin.NewsSummary.Init.Utterance,gib mir bitte die Abendzusammenfassung,{Template} {Template} {Template} {Template} {Template},news recap,{Template} {Template}
180,Router.ShowWiFiPassword.Init.Utterance,würdest du mir bitte das Wlan Passwort auf dem Fernseher anzeigen,{Template} {Template} {Template} {Template} {Template} {Template} {Template} {Template} {Template} {Template} {Template},please show me the Wi-Fi password on the TV,{Template} {Template} {Template} {Template} {Template}-{Template} {Template} {Template} {Template} {Template}
181,Router.ShowWiFiPassword.Init.Utterance,ich möchte das Wlan Passwort,{Template} {Template} {Template} {Template} {Template},can you please show me the Wi-Fi password on the TV,{Template} {Template} {Template} {Template} {Template} {Template} {Template}-{Template} {Template} {Template} {Template} {Template}
182,Router.ShowWiFiPassword.Init.Utterance,einmal das Wifi Passwort bitte,{Template} {Template} {Template} {Template} {Template},what's my Wi-Fi password,{Template}'{Template} {Template} {Template}-{Template} {Template}
183,Router.ShowWiFiPassword.Init.Utterance,was ist das Wlan Passwort,{Template} {Template} {Template} {Template} {Template},can you show me the Wi-Fi password,{Template} {Template} {Template} {Template} {Template} {Template}-{Template} {Template}
184,Router.ShowWiFiPassword.Init.Utterance,lass mich mal das Wlan Passwort sehen bitte,{Template} {Template} {Template} {Template} {Template} {Template} {Template} {Template},would you please show me the Wi-Fi password on the TV screen,{Template} {Template} {Template} {Template} {Template} {Template} {Template}-{Template} {Template} {Template} {Template} {Template} {Template}
185,Router.ShowWiFiPassword.Init.Utterance,zeig mir das Wlan Passwort auf dem TV an,{Template} {Template} {Template} {Template} {Template} {Template} {Template} {Template} {Template},I would like the Wi-Fi password,{Template} {Template} {Template} {Template} {Template}-{Template} {Template}
186,Router.ShowWiFiPassword.Init.Utterance,ich will mein Wlan Passwort sehen,{Template} {Template} {Template} {Template} {Template} {Template},where do I get my Wi-Fi password,{Template} {Template} {Template} {Template} {Template} {Template}-{Template} {Template}
187,Router.ShowWiFiPassword.Init.Utterance,zeige mir bitte das Passwort fürs Wlan an,{Template} {Template} {Template} {Template} {Template} {Template} {Template} {Template},please show me the Wi-Fi password on the TV,{Template} {Template} {Template} {Template} {Template}-{Template} {Template} {Template} {Template} {Template}
188,Router.ShowWiFiPassword.Init.Utterance,Wlan Passwort bitte,{Template} {Template} {Template},I don't know my Wi-Fi password anymore,{Template} {Template}'{Template} {Template} {Template} {Template}-{Template} {Template} {Template}
189,Router.ShowWiFiPassword.Init.Utterance,bitte Wlan Passwort anzeigen,{Template} {Template} {Template} {Template},show me the Wi-Fi password,{Template} {Template} {Template} {Template}-{Template} {Template}
190,Router.SwitchOnGuestWiFi.Init.Utterance,bitte aktiviere das Internet für Gäste,{Template} {Template} {Template} {Template} {Template} {Template},please activate guest Wi-Fi for 52 minutes,{Template} {Template} {Template} {Template}-{Template} {Template} {RouterWiFiDuration} {RouterWiFiDuration}
191,Router.SwitchOnGuestWiFi.Init.Utterance,kannst du bitte das Gast Wlan für 21 stunden anmachen,{Template} {Template} {Template} {Template} {Template} {Template} {Template} {RouterWiFiDuration} {RouterWiFiDuration} {Template},guest Wi-Fi please,{Template} {Template}-{Template} {Template}
192,Router.SwitchOnGuestWiFi.Init.Utterance,Gäste Wlan,{Template} {Template},can you please turn on the guest Wi-Fi,{Template} {Template} {Template} {Template} {Template} {Template} {Template} {Template}-{Template}
193,Router.SwitchOnGuestWiFi.Init.Utterance,ich möchte dass du das Gäste Wlan für 4 tage einschaltest,{Template} {Template} {Template} {Template} {Template} {Template} {Template} {Template} {RouterWiFiDuration} {RouterWiFiDuration} {Template},I want guest Wi-Fi for 45 minutes,{Template} {Template} {Template} {Template}-{Template} {Template} {RouterWiFiDuration} {RouterWiFiDuration}
194,Router.SwitchOnGuestWiFi.Init.Utterance,Gast Internet einschalten,{Template} {Template} {Template},we need guest Wi-Fi now,{Template} {Template} {Template} {Template}-{Template} {Template}
195,Router.SwitchOnGuestWiFi.Init.Utterance,mach schnell Gast Internet an,{Template} {Template} {Template} {Template} {Template},please activate the internet for guests,{Template} {Template} {Template} {Template} {Template} {Template}
196,Router.SwitchOnGuestWiFi.Init.Utterance,stell das Gäste Wlan ein,{Template} {Template} {Template} {Template} {Template},turn the guest internet on,{Template} {Template} {Template} {Template} {Template}
197,Router.SwitchOnGuestWiFi.Init.Utterance,mach bitte das Gäste Wlan für 12 minuten an,{Template} {Template} {Template} {Template} {Template} {Template} {RouterWiFiDuration} {RouterWiFiDuration} {Template},please turn on the guest Wi-Fi for 7 hours,{Template} {Template} {Template} {Template} {Template} {Template}-{Template} {Template} {RouterWiFiDuration} {RouterWiFiDuration}
198,Router.SwitchOnGuestWiFi.Init.Utterance,ich brauche Gast Wlan für 6 minuten,{Template} {Template} {Template} {Template} {Template} {RouterWiFiDuration} {RouterWiFiDuration},could you turn on the guest Wi-Fi for a second,{Template} {Template} {Template} {Template} {Template} {Template} {Template}-{Template} {Template} {Template} {Template}
199,Router.SwitchOnGuestWiFi.Init.Utterance,bitte das Gäste Wlan für 9 tage einschalten,{Template} {Template} {Template} {Template} {Template} {RouterWiFiDuration} {RouterWiFiDuration} {Template},15 minutes guest internet,{RouterWiFiDuration} {RouterWiFiDuration} {Template} {Template}
200,Tv.TrickModePlay.Init.Utterance,kann ich bitte die Serie weiterschauen,{Template} {Template} {Template} {Template} {Template} {Template},could you please press play,{Template} {Template} {Template} {Template} {Template}
201,Tv.TrickModePlay.Init.Utterance,kannst du bitte auf Play drücken,{Template} {Template} {Template} {Template} {Template} {Template},I wanna continue watching,{Template} {Template} {Template} {Template}
202,Tv.TrickModePlay.Init.Utterance,weiterlaufen lassen,{Template} {Template},go,{Template}
203,Tv.TrickModePlay.Init.Utterance,bitte starte die Wiedergabe,{Template} {Template} {Template} {Template},start series,{Template} {Template}
204,Tv.TrickModePlay.Init.Utterance,drück Play,{Template} {Template},start the TV show,{Template} {Template} {Template} {Template}
205,Tv.TrickModePlay.Init.Utterance,Wiedergabe,{Template},I wanna continue watching,{Template} {Template} {Template} {Template}
206,Tv.TrickModePlay.Init.Utterance,drück auf Play,{Template} {Template} {Template},start the episode,{Template} {Template} {Template}
207,Tv.TrickModePlay.Init.Utterance,Wiedergabe,{Template},restart the movie,{Template} {Template} {Template}
208,Tv.TrickModePlay.Init.Utterance,abspielen,{Template},I would like to continue watching TV,{Template} {Template} {Template} {Template} {Template} {Template} {Template}
209,Tv.TrickModePlay.Init.Utterance,ich möchte weiterschauen,{Template} {Template} {Template},can I please continue watching the series,{Template} {Template} {Template} {Template} {Template} {Template} {Template}
210,Tv.TrickModeSkip.Init.Utterance,7 stunden zurückspringen,{Duration} {Duration} {Template},fast-forward,{Template}-{Template}
211,Tv.TrickModeSkip.Init.Utterance,spule bitte vor,{Template} {Template} {Template},jump 18 hours forward please,{Template} {Duration} {Duration} {Template} {Template}
212,Tv.TrickModeSkip.Init.Utterance,leicht zurückspulen,{Template} {Template},please jump back 40 minutes,{Template} {Template} {Template} {Duration} {Duration}
213,Tv.TrickModeSkip.Init.Utterance,7 stunden vor,{Duration} {Duration} {Template},could you rewind 45 minutes,{Template} {Template} {Template} {Duration} {Duration}
214,Tv.TrickModeSkip.Init.Utterance,spul bitte zurück,{Template} {Template} {Template},jump forward a bit,{Template} {Template} {Template} {Template}
215,Tv.TrickModeSkip.Init.Utterance,spring 39 sekunden nach hinten,{Template} {Duration} {Duration} {Template} {Template},6 minutes back,{Duration} {Duration} {Template}
216,Tv.TrickModeSkip.Init.Utterance,bitte um 1 minute zurückspringen,{Template} {Template} {Duration} {Duration} {Template},I want to fast-forward 40 minutes,{Template} {Template} {Template} {Template}-{Template} {Duration} {Duration}
217,Tv.TrickModeSkip.Init.Utterance,vorspulen,{Template},fast-forward 32 minutes please,{Template}-{Template} {Duration} {Duration} {Template}
218,Tv.TrickModeSkip.Init.Utterance,bitte 8 sekunden zurückspulen,{Template} {Duration} {Duration} {Template},rewind the movie a little,{Template} {Template} {Template} {Template} {Template}
219,Tv.TrickModeSkip.Init.Utterance,forward,{Template},please jump back 18 hours,{Template} {Template} {Template} {Duration} {Duration}
220,Tv.TvRecommendations.Init.Utterance,mir ist langweilig,{Template} {Template} {Template},I want to watch something on TV,{Template} {Template} {Template} {Template} {Template} {Template} {Template}
221,Tv.TvRecommendations.Init.Utterance,kannst du mir sagen was im Fernsehen kommt,{Template} {Template} {Template} {Template} {Template} {Template} {Template} {Template},television program,{Template} {Template}
222,Tv.TvRecommendations.Init.Utterance,die drei wichtigsten TV Tipps,{Template} {Template} {Template} {Template} {Template},I need a movie tip,{Template} {Template} {Template} {Template} {Template}
223,Tv.TvRecommendations.Init.Utterance,die Prime Time Highlights bitte,{Template} {Template} {Template} {Template} {Template},TV program,{Template} {Template}
224,Tv.TvRecommendations.Init.Utterance,was soll ich heute abend gucken,{Template} {Template} {Template} {Template} {Template} {Template},what can you recommend,{Template} {Template} {Template} {Template}
225,Tv.TvRecommendations.Init.Utterance,was will ich heute sehen,{Template} {Template} {Template} {Template} {Template},what should I watch tonight,{Template} {Template} {Template} {Template} {Template}
226,Tv.TvRecommendations.Init.Utterance,kannst du mir sagen was im Fernsehen kommt,{Template} {Template} {Template} {Template} {Template} {Template} {Template} {Template},TV tips please,{Template} {Template} {Template}
227,Tv.TvRecommendations.Init.Utterance,die drei wichtigsten TV Tipps,{Template} {Template} {Template} {Template} {Template},what is on TV,{Template} {Template} {Template} {Template}
228,Tv.TvRecommendations.Init.Utterance,die Prime Time Highlights bitte,{Template} {Template} {Template} {Template} {Template},what could I watch today,{Template} {Template} {Template} {Template} {Template}
229,Tv.TvRecommendations.Init.Utterance,was sind die drei Tipps,{Template} {Template} {Template} {Template} {Template},I want to watch TV tonight,{Template} {Template} {Template} {Template} {Template} {Template}
230,SmartHome.StartScene.Init.Utterance,ich möchte die Szene Licht aktivieren,{Template} {Template} {Template} {Template} {SmartHomeSceneName} {Template},start scene home in slash out,{Template} {Template} {SmartHomeSceneName} {SmartHomeSceneName} {SmartHomeSceneName} {SmartHomeSceneName}
231,SmartHome.StartScene.Init.Utterance,die Szene Film starten,{Template} {Template} {SmartHomeSceneName} {Template},switch on scene sonos play,{Template} {Template} {Template} {SmartHomeSceneName} {SmartHomeSceneName}
232,SmartHome.StartScene.Init.Utterance,ich hätte jetzt gern die Szene Kino,{Template} {Template} {Template} {Template} {Template} {Template} {SmartHomeSceneName},please activate lights off scene,{Template} {Template} {SmartHomeSceneName} {SmartHomeSceneName} {Template}
233,SmartHome.StartScene.Init.Utterance,schalte die Szene Fernsehen an,{Template} {Template} {Template} {SmartHomeSceneName} {Template},I need you to start scene living room ,{Template} {Template} {Template} {Template} {Template} {Template} {SmartHomeSceneName} {SmartHomeSceneName} 
234,SmartHome.StartScene.Init.Utterance,ich will die Szene Licht aktivieren,{Template} {Template} {Template} {Template} {SmartHomeSceneName} {Template},I want scene turn on teapot lamp,{Template} {Template} {Template} {SmartHomeSceneName} {SmartHomeSceneName} {SmartHomeSceneName} {SmartHomeSceneName}
235,SmartHome.StartScene.Init.Utterance,Tschüss Szene einschalten,{SmartHomeSceneName} {Template} {Template},I want you to activate scene baby dance,{Template} {Template} {Template} {Template} {Template} {Template} {SmartHomeSceneName} {SmartHomeSceneName}
236,SmartHome.StartScene.Init.Utterance,mach die Szene einschalten an,{Template} {Template} {Template} {SmartHomeSceneName} {Template},I want to activate my come home scene,{Template} {Template} {Template} {Template} {Template} {SmartHomeSceneName} {SmartHomeSceneName} {Template}
237,SmartHome.StartScene.Init.Utterance,schalte die Szene Guten Morgen an,{Template} {Template} {Template} {SmartHomeSceneName} {SmartHomeSceneName} {Template},would you please turn on my turn on teapot lamp scene,{Template} {Template} {Template} {Template} {Template} {Template} {SmartHomeSceneName} {SmartHomeSceneName} {SmartHomeSceneName} {SmartHomeSceneName} {Template}
238,SmartHome.StartScene.Init.Utterance,mach mal schnell die Szene gehen an,{Template} {Template} {Template} {Template} {Template} {SmartHomeSceneName} {Template},turn on scene bye bye,{Template} {Template} {Template} {SmartHomeSceneName} {SmartHomeSceneName}
239,SmartHome.StartScene.Init.Utterance,ich will die Szene kommen,{Template} {Template} {Template} {Template} {SmartHomeSceneName},activate zen scene,{Template} {SmartHomeSceneName} {Template}
240,SmartHome.SwitchOffDevice.Init.Utterance,den Überwachungs Kameras vom Ikea in der Büro ausschalten,{Template} {SmartHomeDeviceCategory} {SmartHomeDeviceCategory} {Template} {SmartHomeDeviceBrand} {Template} {Template} {SmartHomeDeviceLocation} {Template},please turn off lights in the dining room,{Template} {Template} {Template} {SmartHomeDeviceCategory} {Template} {Template} {SmartHomeDeviceLocation} {SmartHomeDeviceLocation}
241,SmartHome.SwitchOffDevice.Init.Utterance,alles im Fernsehzimmer aus,{Template} {Template} {SmartHomeDeviceLocation} {Template},please deactivate logitec,{Template} {Template} {SmartHomeDeviceBrand}
242,SmartHome.SwitchOffDevice.Init.Utterance,Gerät Sirene ausmachen bitte,{Template} {SmartHomeDeviceName} {Template} {Template},stop netatmo,{Template} {SmartHomeDeviceBrand}
243,SmartHome.SwitchOffDevice.Init.Utterance,stell mal bitte den Lichter aus,{Template} {Template} {Template} {Template} {SmartHomeDeviceCategory} {Template},stop the my strom wifi switch in the bedroom,{Template} {Template} {SmartHomeDeviceCategory} {SmartHomeDeviceCategory} {SmartHomeDeviceCategory} {SmartHomeDeviceCategory} {Template} {Template} {SmartHomeDeviceLocation}
244,SmartHome.SwitchOffDevice.Init.Utterance,schalt mal die Logitech in der Geschäftszimmer aus,{Template} {Template} {Template} {SmartHomeDeviceBrand} {Template} {Template} {SmartHomeDeviceLocation} {Template},please turn off device study,{Template} {Template} {Template} {Template} {SmartHomeDeviceName}
245,SmartHome.SwitchOffDevice.Init.Utterance,Grät Deckenleuchte deaktivieren,{Template} {SmartHomeDeviceName} {Template},I want you to switch off device hue go 1,{Template} {Template} {Template} {Template} {Template} {Template} {Template} {SmartHomeDeviceName} {SmartHomeDeviceName} {SmartHomeDeviceName}
246,SmartHome.SwitchOffDevice.Init.Utterance,schalte bitte Gerät innen aus,{Template} {Template} {Template} {SmartHomeDeviceName} {Template},I would like to turn off the device Coffee,{Template} {Template} {Template} {Template} {Template} {Template} {Template} {Template} {SmartHomeDeviceName}
247,SmartHome.SwitchOffDevice.Init.Utterance,Überwachungskamera Ikea im Toilette ausstellen,{SmartHomeDeviceCategory} {SmartHomeDeviceBrand} {Template} {SmartHomeDeviceLocation} {Template},turn off all q bees TV room,{Template} {Template} {Template} {SmartHomeDeviceBrand} {SmartHomeDeviceBrand} {SmartHomeDeviceLocation} {SmartHomeDeviceLocation}
248,SmartHome.SwitchOffDevice.Init.Utterance,stell das Gerät Lampe 1 im Wohn Stube aus,{Template} {Template} {Template} {SmartHomeDeviceName} {SmartHomeDeviceName} {Template} {SmartHomeDeviceLocation} {SmartHomeDeviceLocation} {Template},turn off gigasets please,{Template} {Template} {SmartHomeDeviceBrand} {Template}
249,SmartHome.SwitchOffDevice.Init.Utterance,Gerät Decke ausmachen bitte,{Template} {SmartHomeDeviceName} {Template} {Template},turn off the switches,{Template} {Template} {Template} {SmartHomeDeviceCategory}
250,Tv.VolumeDown.Init.Utterance,weniger laut,{Template} {Template},could you please turn down the volume,{Template} {Template} {Template} {Template} {Template} {Template} {Template}
251,Tv.VolumeDown.Init.Utterance,mach den Ton leiser,{Template} {Template} {Template} {Template},set the TV to a lower volume,{Template} {Template} {Template} {Template} {Template} {Template} {Template}
252,Tv.VolumeDown.Init.Utterance,kannst du das leiser machen,{Template} {Template} {Template} {Template} {Template},turn the TV down,{Template} {Template} {Template} {Template}
253,Tv.VolumeDown.Init.Utterance,köntest du bitte die Lautstärke runtersetzen,{Template} {Template} {Template} {Template} {Template} {Template},I want you to lower the volume,{Template} {Template} {Template} {Template} {Template} {Template} {Template}
254,Tv.VolumeDown.Init.Utterance,Lautstärke niedriger,{Template} {Template},turn down the sound,{Template} {Template} {Template} {Template}
255,Tv.VolumeDown.Init.Utterance,die Lautstärke vom Fernsehen herunterdrehen,{Template} {Template} {Template} {Template} {Template},volume a bit lower please,{Template} {Template} {Template} {Template} {Template}
256,Tv.VolumeDown.Init.Utterance,ein bisschen leiser,{Template} {Template} {Template},please turn the volume down,{Template} {Template} {Template} {Template} {Template}
257,Tv.VolumeDown.Init.Utterance,stell den TV leiser,{Template} {Template} {Template} {Template},can you turn down the TV show,{Template} {Template} {Template} {Template} {Template} {Template} {Template}
258,Tv.VolumeDown.Init.Utterance,dreh Volume runter,{Template} {Template} {Template},turn down the television,{Template} {Template} {Template} {Template}
259,Tv.VolumeDown.Init.Utterance,mach das leiser bitte,{Template} {Template} {Template} {Template},please turn the volume down,{Template} {Template} {Template} {Template} {Template}
260,Localsearch.TemperatureInfo.Init.Utterance,ist es in Eimeldingen 3.17 heiss,{Template} {Template} {Template} {LocalsearchLocation} {LocalsearchTimeStampStartDay} {Template},I would like to know how warm it will be 6.3,{Template} {Template} {Template} {Template} {Template} {Template} {Template} {Template} {Template} {Template} {LocalsearchTimeStampStartDay}
261,Localsearch.TemperatureInfo.Init.Utterance,wie viel Grad werden es zwischen um 08:08 und um 03:20,{Template} {Template} {Template} {Template} {Template} {Template} {LocalsearchTimeStampStartTime} {LocalsearchTimeStampStartTime} {Template} {LocalsearchTimeStampEndTime} {LocalsearchTimeStampEndTime},is it warm in Schenna 10.10,{Template} {Template} {Template} {Template} {LocalsearchLocation} {LocalsearchTimeStampStartDay}
262,Localsearch.TemperatureInfo.Init.Utterance,wie viel Grad sind es um um 05:36 uhr in Urmein,{Template} {Template} {Template} {Template} {Template} {Template} {LocalsearchTimeStampStartTime} {LocalsearchTimeStampStartTime} {LocalsearchTimeStampStartTime} {Template} {LocalsearchLocation},can you tell me how warm it will get,{Template} {Template} {Template} {Template} {Template} {Template} {Template} {Template} {Template}
263,Localsearch.TemperatureInfo.Init.Utterance,wie viel Grad ist es in Thunstetten,{Template} {Template} {Template} {Template} {Template} {Template} {LocalsearchLocation},I would like to know how cold it is in Münstertal (Black Forest),{Template} {Template} {Template} {Template} {Template} {Template} {Template} {Template} {Template} {Template} {LocalsearchLocation} ({LocalsearchLocation} {LocalsearchLocation})
264,Localsearch.TemperatureInfo.Init.Utterance,sag mir die Temperatur für 2.30,{Template} {Template} {Template} {Template} {Template} {LocalsearchTimeStampStartDay},how is the temperature between at 02:55 and at 21:12 in Tremezzo,{Template} {Template} {Template} {Template} {Template} {LocalsearchTimeStampStartTime} {LocalsearchTimeStampStartTime} {Template} {LocalsearchTimeStampEndTime} {LocalsearchTimeStampEndTime} {Template} {LocalsearchLocation}
265,Localsearch.TemperatureInfo.Init.Utterance,kannst du mir die Temperaturen um um 04:11 uhr sagen,{Template} {Template} {Template} {Template} {Template} {Template} {LocalsearchTimeStampStartTime} {LocalsearchTimeStampStartTime} {LocalsearchTimeStampStartTime} {Template},will I freeze,{Template} {Template} {Template}
266,Localsearch.TemperatureInfo.Init.Utterance,wie hoch sind in Ausserbinn die Temperaturen 1.30,{Template} {Template} {Template} {Template} {LocalsearchLocation} {Template} {Template} {LocalsearchTimeStampStartDay},how high is the temperature in Tremezzo,{Template} {Template} {Template} {Template} {Template} {Template} {LocalsearchLocation}
267,Localsearch.TemperatureInfo.Init.Utterance,wie viel Grad ist es in Emmetten,{Template} {Template} {Template} {Template} {Template} {Template} {LocalsearchLocation},I need you to tell me how hot it will get 10.12,{Template} {Template} {Template} {Template} {Template} {Template} {Template} {Template} {Template} {Template} {Template} {LocalsearchTimeStampStartDay}
268,Localsearch.TemperatureInfo.Init.Utterance,wie warm ist es,{Template} {Template} {Template} {Template},which temperatures can we expect in Berne,{Template} {Template} {Template} {Template} {Template} {Template} {LocalsearchLocation}
269,Localsearch.TemperatureInfo.Init.Utterance,ich brauche die Temperatur für 3.20 in Meltingen,{Template} {Template} {Template} {Template} {Template} {LocalsearchTimeStampStartDay} {Template} {LocalsearchLocation},which temperatures can we expect in Schlanders,{Template} {Template} {Template} {Template} {Template} {Template} {LocalsearchLocation}
270,Tv.TrickModePause.Init.Utterance,bitte die Serie pausieren,{Template} {Template} {Template} {Template},pause the TV show,{Template} {Template} {Template} {Template}
271,Tv.TrickModePause.Init.Utterance,mach kurz Pause,{Template} {Template} {Template},pause for a moment,{Template} {Template} {Template} {Template}
272,Tv.TrickModePause.Init.Utterance,unterbrich bitte den Film,{Template} {Template} {Template} {Template},can you pause please,{Template} {Template} {Template} {Template}
273,Tv.TrickModePause.Init.Utterance,halt kurz an,{Template} {Template} {Template},can you pause for a sec,{Template} {Template} {Template} {Template} {Template} {Template}
274,Tv.TrickModePause.Init.Utterance,kannst du das bitte anhalten,{Template} {Template} {Template} {Template} {Template},pause the TV show,{Template} {Template} {Template} {Template}
275,Tv.TrickModePause.Init.Utterance,mach kurz Pause,{Template} {Template} {Template},stop the TV show for a minute,{Template} {Template} {Template} {Template} {Template} {Template} {Template}
276,Tv.TrickModePause.Init.Utterance,mach Pause,{Template} {Template},please pause the series,{Template} {Template} {Template} {Template}
277,Tv.TrickModePause.Init.Utterance,unterbrich bitte den Film,{Template} {Template} {Template} {Template},pause,{Template}
278,Tv.TrickModePause.Init.Utterance,anhalten,{Template},wait a sec,{Template} {Template} {Template}
279,Tv.TrickModePause.Init.Utterance,pausieren,{Template},press pause,{Template} {Template}
280,Localsearch.RainInfo.Init.Utterance,wie stark wird es 12.10 regnen,{Template} {Template} {Template} {Template} {LocalsearchTimeStampStartDay} {Template},will it rain a lot,{Template} {Template} {Template} {Template} {Template}
281,Localsearch.RainInfo.Init.Utterance,ist es regnerisch,{Template} {Template} {Template},will it be raining,{Template} {Template} {Template} {Template}
282,Localsearch.RainInfo.Init.Utterance,wird es um um 20:40 schiffen,{Template} {Template} {Template} {LocalsearchTimeStampStartTime} {LocalsearchTimeStampStartTime} {Template},how heavy is the rain,{Template} {Template} {Template} {Template} {Template}
283,Localsearch.RainInfo.Init.Utterance,wird es um um 18:22 uhr schiffen,{Template} {Template} {Template} {LocalsearchTimeStampStartTime} {LocalsearchTimeStampStartTime} {LocalsearchTimeStampStartTime} {Template},how much will it rain 3.21 in Plateau,{Template} {Template} {Template} {Template} {Template} {LocalsearchTimeStampStartDay} {Template} {LocalsearchLocation}
284,Localsearch.RainInfo.Init.Utterance,wie wahrscheinlich ist Regen 11.25,{Template} {Template} {Template} {Template} {LocalsearchTimeStampStartDay},is it pouring,{Template} {Template} {Template}
285,Localsearch.RainInfo.Init.Utterance,wird es in Eggersriet um um 15:31 regnen,{Template} {Template} {Template} {LocalsearchLocation} {Template} {LocalsearchTimeStampStartTime} {LocalsearchTimeStampStartTime} {Template},how heavy is the rain,{Template} {Template} {Template} {Template} {Template}
286,Localsearch.RainInfo.Init.Utterance,regnet es fest,{Template} {Template} {Template},is it raining in Brenzone from at 02:06 to at 22:45,{Template} {Template} {Template} {Template} {LocalsearchLocation} {Template} {LocalsearchTimeStampStartTime} {LocalsearchTimeStampStartTime} {Template} {LocalsearchTimeStampEndTime} {LocalsearchTimeStampEndTime}
287,Localsearch.RainInfo.Init.Utterance,wie stark wird es 7.22 regnen,{Template} {Template} {Template} {Template} {LocalsearchTimeStampStartDay} {Template},is there rain,{Template} {Template} {Template}
288,Localsearch.RainInfo.Init.Utterance,schiffts 3.31 in Umkirch,{Template} {LocalsearchTimeStampStartDay} {Template} {LocalsearchLocation},the rainfall for 4.25,{Template} {Template} {Template} {LocalsearchTimeStampStartDay}
289,Localsearch.RainInfo.Init.Utterance,gibt es Uerzlikon ein Regenwetter,{Template} {Template} {LocalsearchLocation} {Template} {Template},rainfall for 4.6 please,{Template} {Template} {LocalsearchTimeStampStartDay} {Template}
290,Localsearch.WeatherInfo.Init.Utterance,kannst du mir sagen wie das Wetter in Huttwil 8.22 wird,{Template} {Template} {Template} {Template} {Template} {Template} {Template} {Template} {LocalsearchLocation} {LocalsearchTimeStampStartDay} {Template},how is the weather going to be 10.22,{Template} {Template} {Template} {Template} {Template} {Template} {Template} {LocalsearchTimeStampStartDay}
291,Localsearch.WeatherInfo.Init.Utterance,Meteo,{Template},is the weather nice in Algund,{Template} {Template} {Template} {Template} {Template} {LocalsearchLocation}
292,Localsearch.WeatherInfo.Init.Utterance,sag mir wie das Wetter wird,{Template} {Template} {Template} {Template} {Template} {Template},is the sun gonna come out 12.20,{Template} {Template} {Template} {Template} {Template} {Template} {LocalsearchTimeStampStartDay}
293,Localsearch.WeatherInfo.Init.Utterance,ist es sonnig,{Template} {Template} {Template},will there be snow on 8.5,{Template} {Template} {Template} {Template} {Template} {LocalsearchTimeStampStartDay}
294,Localsearch.WeatherInfo.Init.Utterance,wie wird das Wetter 12.10 in Spiez,{Template} {Template} {Template} {Template} {LocalsearchTimeStampStartDay} {Template} {LocalsearchLocation},will it be sunny 9.19,{Template} {Template} {Template} {Template} {LocalsearchTimeStampStartDay}
295,Localsearch.WeatherInfo.Init.Utterance,wie ist das Wetter,{Template} {Template} {Template} {Template},how is the weather going to be in Constance 7.20,{Template} {Template} {Template} {Template} {Template} {Template} {Template} {Template} {LocalsearchLocation} {LocalsearchTimeStampStartDay}
296,Localsearch.WeatherInfo.Init.Utterance,mich interessiert das Wetter in Kleingurmels 12.16,{Template} {Template} {Template} {Template} {Template} {LocalsearchLocation} {LocalsearchTimeStampStartDay},I would like some info about the weather,{Template} {Template} {Template} {Template} {Template} {Template} {Template} {Template}
297,Localsearch.WeatherInfo.Init.Utterance,wird es 1.22 in Niederaach sonnig,{Template} {Template} {LocalsearchTimeStampStartDay} {Template} {LocalsearchLocation} {Template},how is the weather forecast for 7.20,{Template} {Template} {Template} {Template} {Template} {Template} {LocalsearchTimeStampStartDay}
298,Localsearch.WeatherInfo.Init.Utterance,ich will wissen wie das Wetter in Eriswil wird,{Template} {Template} {Template} {Template} {Template} {Template} {Template} {LocalsearchLocation} {Template},give me information about the weather for now,{Template} {Template} {Template} {Template} {Template} {Template} {Template} {LocalsearchTimeStampStartDay}
299,Localsearch.WeatherInfo.Init.Utterance,sag kurz die Wetterprognose,{Template} {Template} {Template} {Template},I want the weather report for 8.22 in Auer,{Template} {Template} {Template} {Template} {Template} {Template} {LocalsearchTimeStampStartDay} {Template} {LocalsearchLocation}
300,Router.SwitchOffGuestWiFi.Init.Utterance,ich möchte dass du das Gäste Wlan ausschaltest,{Template} {Template} {Template} {Template} {Template} {Template} {Template} {Template},I want to turn off the guest Wi-Fi now,{Template} {Template} {Template} {Template} {Template} {Template} {Template} {Template}-{Template} {Template}
301,Router.SwitchOffGuestWiFi.Init.Utterance,Gäste Wlan aus bitte,{Template} {Template} {Template} {Template},can you deactivate the guest Wi-Fi,{Template} {Template} {Template} {Template} {Template} {Template}-{Template}
302,Router.SwitchOffGuestWiFi.Init.Utterance,das Gast Wifi abstellen bitte,{Template} {Template} {Template} {Template} {Template},please deactivate the internet for guests,{Template} {Template} {Template} {Template} {Template} {Template}
303,Router.SwitchOffGuestWiFi.Init.Utterance,bitte das Gäste Wlan ausschalten,{Template} {Template} {Template} {Template} {Template},I want to switch off the guest Wi-Fi,{Template} {Template} {Template} {Template} {Template} {Template} {Template} {Template}-{Template}
304,Router.SwitchOffGuestWiFi.Init.Utterance,bitte mach das Gast Wifi aus,{Template} {Template} {Template} {Template} {Template} {Template},guest Wi-Fi off,{Template} {Template}-{Template} {Template}
305,Router.SwitchOffGuestWiFi.Init.Utterance,bitte deaktiviere das Internet für Gäste,{Template} {Template} {Template} {Template} {Template} {Template},switch off the guest internet,{Template} {Template} {Template} {Template} {Template}
306,Router.SwitchOffGuestWiFi.Init.Utterance,mach das Guest Wifi aus,{Template} {Template} {Template} {Template} {Template},switch off the guest internet,{Template} {Template} {Template} {Template} {Template}
307,Router.SwitchOffGuestWiFi.Init.Utterance,stell das Gäste Wlan aus,{Template} {Template} {Template} {Template} {Template},switch the guest Wi-Fi off,{Template} {Template} {Template} {Template}-{Template} {Template}
308,Router.SwitchOffGuestWiFi.Init.Utterance,Gäste Wlan abschalten,{Template} {Template} {Template},turn off the guest Wi-Fi,{Template} {Template} {Template} {Template} {Template}-{Template}
309,Router.SwitchOffGuestWiFi.Init.Utterance,ich möchte das Gäste Wifi ausschalten,{Template} {Template} {Template} {Template} {Template} {Template},my guests are done with the Wi-Fi,{Template} {Template} {Template} {Template} {Template} {Template} {Template}-{Template}
310,Tv.TerminateService.Init.Utterance,mach den Fernseher aus,{Template} {Template} {Template} {Template},turn box off,{Template} {Template} {Template}
311,Tv.TerminateService.Init.Utterance,tu die Box aus,{Template} {Template} {Template} {Template},switch off the TV,{Template} {Template} {Template} {Template}
312,Tv.TerminateService.Init.Utterance,bitte meine Box ausmachen,{Template} {Template} {Template} {Template},turn on standby,{Template} {Template} {Template}
313,Tv.TerminateService.Init.Utterance,bitte auf Standby gehen,{Template} {Template} {Template} {Template},TV off,{Template} {Template}
314,Tv.TerminateService.Init.Utterance,Standby,{Template},turn box off,{Template} {Template} {Template}
315,Tv.TerminateService.Init.Utterance,auf Standby schalten,{Template} {Template} {Template},Swisscom TV box off,{Template} {Template} {Template} {Template}
316,Tv.TerminateService.Init.Utterance,den Fernseher abstellen,{Template} {Template} {Template},turn off the TV box,{Template} {Template} {Template} {Template} {Template}
317,Tv.TerminateService.Init.Utterance,den Fernseher ausstellen,{Template} {Template} {Template},please turn off the television,{Template} {Template} {Template} {Template} {Template}
318,Tv.TerminateService.Init.Utterance,Swisscom TV Box aus,{Template} {Template} {Template} {Template},can you turn off the TV,{Template} {Template} {Template} {Template} {Template} {Template}
319,Tv.TerminateService.Init.Utterance,geh aus,{Template} {Template},turn off TV,{Template} {Template} {Template}
320,Tv.Recording.Init.Utterance,ich will das aufnehmen,{Template} {Template} {Template} {Template},could you tape this,{Template} {Template} {Template} {Template}
321,Tv.Recording.Init.Utterance,Sendung aufzeichnen,{Template} {Template},record now,{Template} {Template}
322,Tv.Recording.Init.Utterance,mit der Aufnahme beginnen,{Template} {Template} {Template} {Template},I want to watch this later,{Template} {Template} {Template} {Template} {Template} {Template}
323,Tv.Recording.Init.Utterance,bitte laufende Sendung aufnehmen,{Template} {Template} {Template} {Template},I want to record this,{Template} {Template} {Template} {Template} {Template}
324,Tv.Recording.Init.Utterance,das will ich später anschauen,{Template} {Template} {Template} {Template} {Template},record,{Template}
325,Tv.Recording.Init.Utterance,zu meinen Aufnahmen hinzufügen,{Template} {Template} {Template} {Template},record please,{Template} {Template}
326,Tv.Recording.Init.Utterance,Aufnahme beginnen,{Template} {Template},record this TV show,{Template} {Template} {Template} {Template}
327,Tv.Recording.Init.Utterance,Sendung aufzeichnen,{Template} {Template},can you record this,{Template} {Template} {Template} {Template}
328,Tv.Recording.Init.Utterance,nimm das bitte auf,{Template} {Template} {Template} {Template},record movie,{Template} {Template}
329,Tv.Recording.Init.Utterance,Aufzeichnung beginnen,{Template} {Template},record movie,{Template} {Template}
330,Tv.NavigationLeft.Init.Utterance,das linke,{Template} {Template},go left,{Template} {Template}
331,Tv.NavigationLeft.Init.Utterance,noch eins links,{Template} {Template} {Template},scroll left,{Template} {Template}
332,Tv.NavigationLeft.Init.Utterance,einen links,{Template} {Template},the one on the left,{Template} {Template} {Template} {Template} {Template}
333,Tv.NavigationLeft.Init.Utterance,einen links,{Template} {Template},the left one,{Template} {Template} {Template}
334,Tv.NavigationLeft.Init.Utterance,links,{Template},the one on the left,{Template} {Template} {Template} {Template} {Template}
335,Tv.NavigationLeft.Init.Utterance,eins links,{Template} {Template},left,{Template}
336,Tv.NavigationLeft.Init.Utterance,scroll links,{Template} {Template},one left,{Template} {Template}
337,Tv.NavigationLeft.Init.Utterance,einmal links,{Template} {Template},move to the left,{Template} {Template} {Template} {Template}
338,Tv.NavigationLeft.Init.Utterance,nach links,{Template} {Template},to the left,{Template} {Template} {Template}
339,Tv.NavigationLeft.Init.Utterance,eins nach links,{Template} {Template} {Template},scroll left,{Template} {Template}
340,Tv.NavigationRight.Init.Utterance,hier rechts,{Template} {Template},go one to the right,{Template} {Template} {Template} {Template} {Template}
341,Tv.NavigationRight.Init.Utterance,rechts,{Template},go one to the right,{Template} {Template} {Template} {Template} {Template}
342,Tv.NavigationRight.Init.Utterance,eins nach rechts,{Template} {Template} {Template},go one to the right,{Template} {Template} {Template} {Template} {Template}
343,Tv.NavigationRight.Init.Utterance,rechts,{Template},right again,{Template} {Template}
344,Tv.NavigationRight.Init.Utterance,weiter rechts,{Template} {Template},right,{Template}
345,Tv.NavigationRight.Init.Utterance,noch eins rechts,{Template} {Template} {Template},one right,{Template} {Template}
346,Tv.NavigationRight.Init.Utterance,nach rechts,{Template} {Template},go right,{Template} {Template}
347,Tv.NavigationRight.Init.Utterance,wieder rechts,{Template} {Template},one right,{Template} {Template}
348,Tv.NavigationRight.Init.Utterance,rechts,{Template},go one to the right,{Template} {Template} {Template} {Template} {Template}
349,Tv.NavigationRight.Init.Utterance,rechts,{Template},one right,{Template} {Template}
350,Tv.NavigationUp.Init.Utterance,noch eins nach oben,{Template} {Template} {Template} {Template},up again,{Template} {Template}
351,Tv.NavigationUp.Init.Utterance,wieder rauf,{Template} {Template},go up,{Template} {Template}
352,Tv.NavigationUp.Init.Utterance,wieder rauf,{Template} {Template},one up,{Template} {Template}
353,Tv.NavigationUp.Init.Utterance,scroll rauf,{Template} {Template},up please,{Template} {Template}
354,Tv.NavigationUp.Init.Utterance,rauf,{Template},up please,{Template} {Template}
355,Tv.NavigationUp.Init.Utterance,nochmal rauf,{Template} {Template},go up another one,{Template} {Template} {Template} {Template}
356,Tv.NavigationUp.Init.Utterance,geh rauf,{Template} {Template},scroll up,{Template} {Template}
357,Tv.NavigationUp.Init.Utterance,wieder rauf,{Template} {Template},go up a bit,{Template} {Template} {Template} {Template}
358,Tv.NavigationUp.Init.Utterance,noch eins nach oben,{Template} {Template} {Template} {Template},can you go up,{Template} {Template} {Template} {Template}
359,Tv.NavigationUp.Init.Utterance,noch eins nach oben,{Template} {Template} {Template} {Template},scroll up,{Template} {Template}
360,Tv.NavigationDown.Init.Utterance,hinunter,{Template},scroll down,{Template} {Template}
361,Tv.NavigationDown.Init.Utterance,nach unten,{Template} {Template},down,{Template}
362,Tv.NavigationDown.Init.Utterance,scroll runter,{Template} {Template},can you go down,{Template} {Template} {Template} {Template}
363,Tv.NavigationDown.Init.Utterance,scroll runter,{Template} {Template},go down another one,{Template} {Template} {Template} {Template}
364,Tv.NavigationDown.Init.Utterance,noch eins nach unten,{Template} {Template} {Template} {Template},down,{Template}
365,Tv.NavigationDown.Init.Utterance,eins runter,{Template} {Template},go down,{Template} {Template}
366,Tv.NavigationDown.Init.Utterance,noch eins nach unten,{Template} {Template} {Template} {Template},down again,{Template} {Template}
367,Tv.NavigationDown.Init.Utterance,noch eins nach unten,{Template} {Template} {Template} {Template},down again,{Template} {Template}
368,Tv.NavigationDown.Init.Utterance,nach unten,{Template} {Template},go down another one,{Template} {Template} {Template} {Template}
369,Tv.NavigationDown.Init.Utterance,weiter runter,{Template} {Template},go down another one,{Template} {Template} {Template} {Template}
370,Tv.NavigationOK.Init.Utterance,wählen,{Template},select,{Template}
371,Tv.NavigationOK.Init.Utterance,jetzt ansehen,{Template} {Template},okay,{Template}
372,Tv.NavigationOK.Init.Utterance,Auswahl bestätigen,{Template} {Template},okay,{Template}
373,Tv.NavigationOK.Init.Utterance,bestätigen,{Template},selection,{Template}
374,Tv.NavigationOK.Init.Utterance,bestätigen,{Template},selection,{Template}
375,Tv.NavigationOK.Init.Utterance,ansehen,{Template},choose that one,{Template} {Template} {Template}
376,Tv.NavigationOK.Init.Utterance,auswählen,{Template},I'll take that one,{Template}'{Template} {Template} {Template} {Template}
377,Tv.NavigationOK.Init.Utterance,jetzt ansehen,{Template} {Template},select this one,{Template} {Template} {Template}
378,Tv.NavigationOK.Init.Utterance,nimm das,{Template} {Template},I'll take that one,{Template}'{Template} {Template} {Template} {Template}
379,Tv.NavigationOK.Init.Utterance,Auswahl,{Template},selection,{Template}
380,Tv.WatchNextEpisode.Init.Utterance,noch eine Episode bitte,{Template} {Template} {Template} {Template},start the next episode,{Template} {Template} {Template} {Template}
381,Tv.WatchNextEpisode.Init.Utterance,die nächste Folge bitte,{Template} {Template} {Template} {Template},play following episode,{Template} {Template} {Template}
382,Tv.WatchNextEpisode.Init.Utterance,kannst du bitte die nächste Folge abspielen,{Template} {Template} {Template} {Template} {Template} {Template} {Template},go to the next episode,{Template} {Template} {Template} {Template} {Template}
383,Tv.WatchNextEpisode.Init.Utterance,kannst du bitte die nächste Folge abspielen,{Template} {Template} {Template} {Template} {Template} {Template} {Template},I'd like to watch the next episode please,{Template}'{Template} {Template} {Template} {Template} {Template} {Template} {Template} {Template}
384,Tv.WatchNextEpisode.Init.Utterance,weiter mit der nächsten Folge,{Template} {Template} {Template} {Template} {Template},continue with the next episode,{Template} {Template} {Template} {Template} {Template}
385,Tv.WatchNextEpisode.Init.Utterance,die nächste Episode wiedergeben bitte,{Template} {Template} {Template} {Template} {Template},next episode,{Template} {Template}
386,Tv.WatchNextEpisode.Init.Utterance,eine Folge geht noch,{Template} {Template} {Template} {Template},continue with the next episode,{Template} {Template} {Template} {Template} {Template}
387,Tv.WatchNextEpisode.Init.Utterance,eine weitere Folge bitte,{Template} {Template} {Template} {Template},next episode,{Template} {Template}
388,Tv.WatchNextEpisode.Init.Utterance,spiele die nächste Folge ab,{Template} {Template} {Template} {Template} {Template},can you play the next episode,{Template} {Template} {Template} {Template} {Template} {Template}
389,Tv.WatchNextEpisode.Init.Utterance,bitte mit der nächsten Folge weitermachen,{Template} {Template} {Template} {Template} {Template} {Template},go to the next episode,{Template} {Template} {Template} {Template} {Template}
